<?xml version="1.0" encoding="UTF-8"?>
<project-private xmlns="http://www.netbeans.org/ns/project-private/1">
    <editor-bookmarks xmlns="http://www.netbeans.org/ns/editor-bookmarks/2" lastBookmarkId="0"/>
    <open-files xmlns="http://www.netbeans.org/ns/projectui-open-files/2">
        <group>
            <file>file:/D:/Simulador_Bodega/src/View/Inicio.java</file>
            <file>file:/D:/Simulador_Bodega/src/modelView/Estructura_Bodega.java</file>
            <file>file:/D:/Simulador_Bodega/src/View/FormularioRegistro.java</file>
            <file>file:/D:/Simulador_Bodega/src/Model/gestorDeProductos.java</file>
            <file>file:/D:/Simulador_Bodega/src/Model/CRUD.java</file>
            <file>file:/D:/Simulador_Bodega/src/modelView/Bodega.java</file>
            <file>file:/D:/Simulador_Bodega/src/Model/Autenticacion.java</file>
            <file>file:/D:/Simulador_Bodega/src/View/Login.java</file>
        </group>
    </open-files>
</project-private>
