{
  "project_info": {
    "project_number": "1078942103363",
    "firebase_url": "https://jaula-72db5-default-rtdb.firebaseio.com",
    "project_id": "jaula-72db5",
    "storage_bucket": "jaula-72db5.appspot.com"
  },
  "client": [
    {
      "client_info": {
        "mobilesdk_app_id": "1:1078942103363:android:7fc4602a610698ea7521f6",
        "android_client_info": {
          "package_name": "com.example.pruebaproyecto"
        }
      },
      "oauth_client": [],
      "api_key": [
        {
          "current_key": "AIzaSyBHd8XQI9WH6WQxi-CMs8qOzn3jOo6Nt5U"
        }
      ],
      "services": {
        "appinvite_service": {
          "other_platform_oauth_client": []
        }
      }
    }
  ],
  "configuration_version": "1"
}